"Reference","Qty","Value","DNP","Exclude from BOM","Exclude from Board","Exclude from Simulation","Exclude from Position Files","Footprint","Datasheet"
"C1,C2","2","22u","","","","","${EXCLUDE_FROM_POS_FILES}","Capacitor_SMD:C_0805_2012Metric",""
"C3","1","10u","","","","","${EXCLUDE_FROM_POS_FILES}","Capacitor_SMD:C_0603_1608Metric",""
"C4,C6,C7,C9,C10,C11","6","100n","","","","","${EXCLUDE_FROM_POS_FILES}","Capacitor_SMD:C_0402_1005Metric",""
"C5,C8","2","22p","","","","","${EXCLUDE_FROM_POS_FILES}","Capacitor_SMD:C_0402_1005Metric",""
"C12","1","10n","","","","","${EXCLUDE_FROM_POS_FILES}","Capacitor_SMD:C_0402_1005Metric",""
"C13,C14","2","1u","","","","","${EXCLUDE_FROM_POS_FILES}","Capacitor_SMD:C_0402_1005Metric",""
"D1","1","RED","","","","","${EXCLUDE_FROM_POS_FILES}","LED_SMD:LED_0603_1608Metric",""
"FB1","1","120R","","","","","${EXCLUDE_FROM_POS_FILES}","Inductor_SMD:L_0603_1608Metric",""
"J1,J2,J4","3","Conn_01x04_Pin","","","","","${EXCLUDE_FROM_POS_FILES}","Connector_PinHeader_2.54mm:PinHeader_1x04_P2.54mm_Vertical",""
"J3","1","USB_B_Micro","","","","","${EXCLUDE_FROM_POS_FILES}","Connector_USB:USB_Micro-B_Wuerth_629105150521",""
"R1,R2,R3","3","1k5","","","","","${EXCLUDE_FROM_POS_FILES}","Resistor_SMD:R_0402_1005Metric",""
"R4","1","10k","","","","","${EXCLUDE_FROM_POS_FILES}","Resistor_SMD:R_0402_1005Metric",""
"SW1","1","SW_SPDT","","","","","${EXCLUDE_FROM_POS_FILES}","Button_Switch_SMD:SW_SPDT_PCM12",""
"U1","1","AMS1117-3.3","","","","","${EXCLUDE_FROM_POS_FILES}","Package_TO_SOT_SMD:SOT-223-3_TabPin2","http://www.advanced-monolithic.com/pdf/ds1117.pdf"
"U2","1","STM32F411RETx","","","","","${EXCLUDE_FROM_POS_FILES}","Package_QFP:LQFP-64_10x10mm_P0.5mm","https://www.st.com/resource/en/datasheet/stm32f411re.pdf"
"Y1","1","8Mhz","","","","","${EXCLUDE_FROM_POS_FILES}","Crystal:Crystal_HC49-4H_Vertical",""
