Ref,Val,Package,PosX,PosY,Rot,Side
"C1","22u","C_0805_2012Metric",55.750000,-32.500000,0.000000,top
"C2","22u","C_0805_2012Metric",59.700000,-38.600000,90.000000,top
"C3","10u","C_0603_1608Metric",37.250000,-22.250000,0.000000,top
"C4","100n","C_0402_1005Metric",37.750000,-41.500000,0.000000,top
"C5","22p","C_0402_1005Metric",30.500000,-32.000000,-90.000000,top
"C6","100n","C_0402_1005Metric",32.520000,-28.500000,180.000000,top
"C7","100n","C_0402_1005Metric",37.750000,-39.750000,180.000000,top
"C8","22p","C_0402_1005Metric",30.500000,-34.000000,90.000000,top
"C9","100n","C_0402_1005Metric",44.250000,-39.750000,180.000000,top
"C10","100n","C_0402_1005Metric",36.750000,-24.750000,0.000000,top
"C11","100n","C_0402_1005Metric",48.500000,-28.750000,-90.000000,top
"C12","10n","C_0402_1005Metric",33.000000,-34.250000,90.000000,top
"C13","1u","C_0402_1005Metric",32.000000,-38.500000,180.000000,top
"C14","1u","C_0402_1005Metric",32.000000,-40.000000,180.000000,top
"D1","RED","LED_0603_1608Metric",62.250000,-38.812500,-90.000000,top
"FB1","120R","L_0603_1608Metric",34.020000,-39.287500,-90.000000,top
"H1","MountingHole","MountingHole_2.2mm_M2",26.500000,-42.000000,0.000000,top
"H2","MountingHole","MountingHole_2.2mm_M2",65.000000,-42.000000,0.000000,top
"H3","MountingHole","MountingHole_2.2mm_M2",65.000000,-18.500000,0.000000,top
"H4","MountingHole","MountingHole_2.2mm_M2",26.500000,-18.500000,0.000000,top
"J1","Conn_01x04_Pin","PinHeader_1x04_P2.54mm_Vertical",48.560000,-43.000000,-90.000000,top
"J2","Conn_01x04_Pin","PinHeader_1x04_P2.54mm_Vertical",48.560000,-18.000000,-90.000000,top
"J3","USB_B_Micro","USB_Micro-B_Wuerth_629105150521",63.400000,-29.950000,90.000000,top
"J4","Conn_01x04_Pin","PinHeader_1x04_P2.54mm_Vertical",60.620000,-18.000000,-90.000000,top
"R1","1k5","R_0402_1005Metric",62.250000,-36.110000,90.000000,top
"R2","1k5","R_0402_1005Metric",43.510000,-22.000000,0.000000,top
"R3","1k5","R_0402_1005Metric",41.510000,-22.000000,180.000000,top
"R4","10k","R_0402_1005Metric",31.750000,-26.750000,0.000000,top
"SW1","SW_SPDT","SW_SPDT_PCM12",28.250000,-23.525000,0.000000,top
"U1","AMS1117-3.3","SOT-223-3_TabPin2",54.700000,-38.150000,-90.000000,top
"U2","STM32F411RETx","LQFP-64_10x10mm_P0.5mm",40.750000,-32.250000,0.000000,top
"Y1","8Mhz","Crystal_HC49-4H_Vertical",26.750000,-30.810000,-90.000000,top
